run_id,participant,speed,lighting,route_id,duration_sec,时长分钟,预计60s片数,shape,turnaround_sec,confidence
P01_FastWalk_Day_Traj01,P01,FastWalk,Day,route_01,1002.1,16.7,17,out_and_back,501,medium
P01_FastWalk_Day_Traj02,P01,FastWalk,Day,route_02,924.3,15.4,16,out_and_back,462,medium
P01_FastWalk_Day_Traj03,P01,FastWalk,Day,route_03,946.9,15.8,16,out_and_back,473,medium
P01_FastWalk_Night_Traj01,P01,FastWalk,Night,route_01,928.8,15.5,16,out_and_back,464,medium
P01_FastWalk_Night_Traj02,P01,FastWalk,Night,route_02,857.5,14.3,15,out_and_back,429,medium
P01_FastWalk_Night_Traj03,P01,FastWalk,Night,route_03,917.3,15.3,16,out_and_back,459,medium
P01_Running_Day_Traj01,P01,Running,Day,route_01,627.8,10.5,11,out_and_back,314,medium
P01_Running_Day_Traj02,P01,Running,Day,route_02,612.1,10.2,11,out_and_back,306,medium
P01_Running_Day_Traj03,P01,Running,Day,route_03,639.7,10.7,11,out_and_back,320,medium
P01_Running_Night_Traj01,P01,Running,Night,route_01,613.8,10.2,11,out_and_back,307,medium
P01_Running_Night_Traj02,P01,Running,Night,route_02,631.2,10.5,11,out_and_back,316,medium
P01_Running_Night_Traj03,P01,Running,Night,route_03,655.3,10.9,11,out_and_back,328,medium
P01_SlowWalk_Day_Traj01,P01,SlowWalk,Day,route_01,1033.4,17.2,18,out_and_back,517,medium
P01_SlowWalk_Day_Traj02,P01,SlowWalk,Day,route_02,1031.2,17.2,18,out_and_back,516,medium
P01_SlowWalk_Day_Traj03,P01,SlowWalk,Day,route_03,1028.6,17.1,18,out_and_back,514,medium
P01_SlowWalk_Night_Traj01,P01,SlowWalk,Night,route_01,1124.2,18.7,19,out_and_back,562,medium
P01_SlowWalk_Night_Traj02,P01,SlowWalk,Night,route_02,1009.8,16.8,17,out_and_back,505,medium
P01_SlowWalk_Night_Traj03,P01,SlowWalk,Night,route_03,1006.8,16.8,17,out_and_back,503,medium
P02_FastWalk_Day_Trial01,P02,FastWalk,Day,route_01,924.6,15.4,16,out_and_back_unconfirmed,462,low
P02_FastWalk_Day_Trial02,P02,FastWalk,Day,route_02,818.3,13.6,14,out_and_back_unconfirmed,409,low
P02_FastWalk_Day_Trial03,P02,FastWalk,Day,route_03,948.4,15.8,16,out_and_back_unconfirmed,474,low
P02_FastWalk_Night_Trial01,P02,FastWalk,Night,route_01,897.9,15.0,15,out_and_back_unconfirmed,449,low
P02_FastWalk_Night_Trial02,P02,FastWalk,Night,route_02,817.8,13.6,14,out_and_back_unconfirmed,409,low
P02_FastWalk_Night_Trial03,P02,FastWalk,Night,route_03,914.7,15.2,16,out_and_back_unconfirmed,457,low
P02_Running_Day_Trial01,P02,Running,Day,route_01,661.3,11.0,12,out_and_back_unconfirmed,331,low
P02_Running_Day_Trial02,P02,Running,Day,route_02,605.6,10.1,11,out_and_back_unconfirmed,303,low
P02_Running_Day_Trial03,P02,Running,Day,route_03,642.4,10.7,11,out_and_back_unconfirmed,321,low
P02_Running_Night_Trial01,P02,Running,Night,route_01,634.6,10.6,11,out_and_back_unconfirmed,317,low
P02_Running_Night_Trial02,P02,Running,Night,route_02,635.0,10.6,11,out_and_back_unconfirmed,317,low
P02_Running_Night_Trial03,P02,Running,Night,route_03,656.7,10.9,11,out_and_back_unconfirmed,328,low
P02_SlowWalk_Day_Trial01,P02,SlowWalk,Day,route_01,1195.2,19.9,20,out_and_back_unconfirmed,598,low
P02_SlowWalk_Day_Trial02,P02,SlowWalk,Day,route_02,1016.4,16.9,17,out_and_back_unconfirmed,508,low
P02_SlowWalk_Day_Trial03,P02,SlowWalk,Day,route_03,1033.4,17.2,18,out_and_back_unconfirmed,517,low
P02_SlowWalk_Night_Trial01,P02,SlowWalk,Night,route_01,1087.8,18.1,19,out_and_back_unconfirmed,544,low
P02_SlowWalk_Night_Trial02,P02,SlowWalk,Night,route_02,1000.0,16.7,17,out_and_back_unconfirmed,500,low
P02_SlowWalk_Night_Trial03,P02,SlowWalk,Night,route_03,1005.0,16.7,17,out_and_back_unconfirmed,502,low
P03_FastWalk_Day_Traj01_Trial01,P03,FastWalk,Day,route_02,809.5,13.5,14,out_and_back,405,medium-low
P03_FastWalk_Day_Traj02_Trial01,P03,FastWalk,Day,route_01,847.3,14.1,15,out_and_back,424,medium-low
P03_FastWalk_Day_Traj03_Trial01,P03,FastWalk,Day,route_03,833.4,13.9,14,out_and_back,417,medium-low
P03_FastWalk_Night_Traj01_Trial01,P03,FastWalk,Night,route_02,825.3,13.8,14,out_and_back,413,medium-low
P03_FastWalk_Night_Traj02_Trial01,P03,FastWalk,Night,route_01,870.2,14.5,15,out_and_back,435,medium-low
P03_FastWalk_Night_Traj03_Trial01,P03,FastWalk,Night,route_03,781.4,13.0,14,out_and_back,391,medium-low
P03_Running_Day_Traj01_Trial01,P03,Running,Day,route_02,605.8,10.1,11,out_and_back,303,medium-low
P03_Running_Day_Traj02_Trial01,P03,Running,Day,route_01,628.3,10.5,11,out_and_back,314,medium-low
P03_Running_Day_Traj03_Trial01,P03,Running,Day,route_03,619.3,10.3,11,out_and_back,310,medium-low
P03_Running_Night_Traj01_Trial01,P03,Running,Night,route_02,625.8,10.4,11,out_and_back,313,medium-low
P03_Running_Night_Traj02_Trial01,P03,Running,Night,route_01,671.5,11.2,12,out_and_back,336,medium-low
P03_Running_Night_Traj03_Trial01,P03,Running,Night,route_03,601.3,10.0,11,out_and_back,301,medium-low
P03_SlowWalk_Day_Traj01_Trial01,P03,SlowWalk,Day,route_02,1004.2,16.7,17,out_and_back,502,medium-low
P03_SlowWalk_Day_Traj02_Trial01,P03,SlowWalk,Day,route_01,1052.2,17.5,18,out_and_back,526,medium-low
P03_SlowWalk_Day_Traj03_Trial01,P03,SlowWalk,Day,route_03,985.1,16.4,17,out_and_back,493,medium-low
P03_SlowWalk_Night_Traj01_Trial01,P03,SlowWalk,Night,route_02,1006.4,16.8,17,out_and_back,503,medium-low
P03_SlowWalk_Night_Traj02_Trial01,P03,SlowWalk,Night,route_01,1206.5,20.1,21,out_and_back,603,medium-low
P03_SlowWalk_Night_Traj03_Trial01,P03,SlowWalk,Night,route_03,925.1,15.4,16,out_and_back,463,medium-low
